Time (%),Total Time (ns),Instances,Avg (ns),Med (ns),Min (ns),Max (ns),StdDev (ns),Name
25.2,297234546,4060,73210.5,66186.0,27780,224706,37837.3,ampere_bf16_s1688gemm_bf16_128x128_ldg8_f2f_stages_32x1_tn
23.3,274870826,2100,130890.9,105616.5,102480,346709,39037.2,void cutlass::Kernel2<cutlass_80_tensorop_bf16_s16816gemm_relu_bf16_256x128_32x3_tn_align8>(T1::Params)
14.2,168235684,2744,61310.4,67146.0,7169,158648,35147.7,"void flashinfer::BatchPrefillWithPagedKVCacheKernel<(flashinfer::MaskMode)1, (flashinfer::PosEncodingMode)0, (unsigned int)2, (unsigned int)8, (unsigned int)2, (unsigned int)4, (unsigned int)1, float, flashinfer::ComposedAttention<flashinfer::BatchPrefillPagedParams<__nv_bfloat16, __nv_bfloat16, __nv_bfloat16, int>, (unsigned int)2>>(flashinfer::uint_fastdiv, T9::ParamsT)"
8.9,105534151,1512,69797.7,75499.0,22083,168090,20393.6,ampere_bf16_s16816gemm_bf16_128x128_ldg8_f2f_stages_64x3_tn
4.7,55179595,952,57961.8,52136.0,51688,149975,22755.8,ampere_bf16_s16816gemm_bf16_256x128_ldg8_f2f_stages_32x3_tn
3.0,35297575,1120,31515.7,26949.0,16355,79084,11666.7,ampere_bf16_s16816gemm_bf16_128x64_ldg8_f2f_stages_32x6_tn
3.0,35181618,75,469088.2,469288.0,464231,478474,3574.9,"std::enable_if<!T7, void>::type internal::gemvx::kernel<int, int, __nv_bfloat16, __nv_bfloat16, __nv_bfloat16, float, (bool)0, (bool)1, (bool)1, (bool)0, (int)6, (bool)0, cublasGemvParamsEx<int, cublasGemvTensorStridedBatched<const __nv_bfloat16>, cublasGemvTensorStridedBatched<const __nv_bfloat16>, cublasGemvTensorStridedBatched<__nv_bfloat16>, float>>(T13)"
2.9,34717892,5586,6215.2,5600.5,1632,25828,3240.0,"void flashinfer::norm::RMSNormKernel<(unsigned int)8, __nv_bfloat16>(T2 *, T2 *, T2 *, unsigned int, float, float)"
2.2,25711390,2744,9370.0,9153.0,1696,31685,4554.3,"void flashinfer::BatchQKApplyRotaryPosIdsCosSinCacheHeadParallelismKernel<(bool)0, (unsigned int)128, (unsigned int)8, (unsigned int)16, __nv_bfloat16, int>(T5 *, T5 *, T5 *, T5 *, float *, float *, T6 *, unsigned int, unsigned int, unsigned int, unsigned int, unsigned long, unsigned long, unsigned long, unsigned long, unsigned long, unsigned long, unsigned long, unsigned long)"
1.8,21465137,5488,3911.3,3520.0,1600,13666,1787.4,"void at::native::elementwise_kernel<(int)128, (int)4, void at::native::gpu_kernel_impl_nocast<at::native::direct_copy_kernel_cuda(at::TensorIteratorBase &)::[lambda() (instance 3)]::operator ()() const::[lambda() (instance 12)]::operator ()() const::[lambda(c10::BFloat16) (instance 1)]>(at::TensorIteratorBase &, const T1 &)::[lambda(int) (instance 1)]>(int, T3)"
1.6,19368551,980,19763.8,19779.0,6977,29412,6047.5,"void flashinfer::PersistentVariableLengthMergeStatesKernel<(unsigned int)8, (unsigned int)16, (unsigned int)8, (unsigned int)4, __nv_bfloat16, __nv_bfloat16, int>(T5 *, float *, T7 *, T6 *, float *, unsigned int, unsigned int *, unsigned int)"
1.4,16915669,5488,3082.3,2625.0,1632,19234,1824.8,"void flashinfer::norm::FusedAddRMSNormKernel<(unsigned int)8, __nv_bfloat16>(T2 *, T2 *, T2 *, unsigned int, float, float)"
1.4,16775889,280,59913.9,59849.5,41191,78860,18379.2,ampere_bf16_s1688gemm_bf16_128x64_sliced1x2_ldg8_f2f_tn
1.3,14814002,2744,5398.7,4305.0,1600,49095,4898.1,"void flashinfer::activation::act_and_mul_kernel<__nv_bfloat16, &sglang::d_silu>(T1 *, const T1 *, int)"
1.0,11873789,23,516251.7,516304.0,499533,530449,5462.4,void cutlass::Kernel2<cutlass_80_wmma_tensorop_bf16_s161616gemm_bf16_16x16_128x2_tn_align8>(T1::Params)
1.0,11689729,582,20085.4,18147.0,5537,38374,12102.8,"void at::native::reduce_kernel<(int)512, (int)1, at::native::ReduceOp<c10::BFloat16, at::native::ArgMaxOps<float>, unsigned int, long, (int)4, (int)4>>(T3)"
1.0,11427154,420,27207.5,28004.0,22211,33189,2513.3,void cutlass::Kernel2<cutlass_80_tensorop_bf16_s16816gemm_relu_bf16_128x128_32x4_tn_align8>(T1::Params)
0.8,9339483,2744,3403.6,3040.0,1760,8802,1426.4,"void sglang::<unnamed>::store_kv_cache_kernel<__nv_bfloat16, int>(T1 *, T1 *, const T1 *, const T1 *, const T2 *, long, long, long, long)"
0.3,3516064,252,13952.6,13986.0,10401,21187,3143.3,ampere_bf16_s16816gemm_bf16_64x64_ldg8_f2f_stages_64x5_tn
0.3,2993490,168,17818.4,16771.0,16578,24419,2188.8,ampere_bf16_s16816gemm_bf16_128x64_ldg8_f2f_stages_64x4_tn
0.2,1984847,644,3082.1,2753.0,1440,4321,794.2,"void cublasLt::splitKreduce_kernel<(int)32, (int)16, int, __nv_bfloat16, __nv_bfloat16, float, __nv_bfloat16, (bool)0, __nv_bfloat16, __nv_bfloat16, __nv_bfloat16, (bool)1, (bool)0, (bool)0>(cublasLt::cublasSplitKParams<T6>, const T4 *, const T10 *, T9 *, T5 *, const T6 *, const T6 *, const T11 *, const T4 *, T11 *, void *, long, T6 *, int *, T6 *, T6 *, const T6 *, const T6 *, const T6 *, const T6 *, const T6 *)"
0.1,1490464,1164,1280.5,1216.0,960,1729,173.0,"sglang::<unnamed>::gather_int32_2d_kernel(const int *, long, long, long, const long *, const long *, int *, long)"
0.1,1470138,1164,1263.0,1185.0,960,1729,161.5,"sglang::<unnamed>::write_token_pool_kernel(int *, long, long, long, const long *, const long *, const int *, long)"
0.1,1250849,84,14891.1,14418.5,11970,21059,2366.8,void cutlass::Kernel2<cutlass_80_wmma_tensorop_bf16_s161616gemm_bf16_32x32_128x2_tn_align8>(T1::Params)
0.1,1120287,484,2314.6,2336.0,1984,2656,124.3,"sglang::flashinfer_backend_detail::build_decode_indices_kernel(const int *, long, long, long, const int *, const int *, int *, int)"
0.1,773372,582,1328.8,1344.0,1121,1536,62.7,"void at::native::unrolled_elementwise_kernel<at::native::direct_copy_kernel_cuda(at::TensorIteratorBase &)::[lambda() (instance 3)]::operator ()() const::[lambda() (instance 3)]::operator ()() const::[lambda(int) (instance 1)], std::array<char *, (unsigned long)2>, (int)4, TrivialOffsetCalculator<(int)1, unsigned int>, TrivialOffsetCalculator<(int)1, unsigned int>, at::native::memory::LoadWithCast<(int)1>, at::native::memory::StoreWithCast<(int)1>>(int, T1, T2, T4, T5, T6, T7)"
0.0,396891,28,14174.7,14018.0,13538,17059,685.9,void cutlass::Kernel2<cutlass_80_tensorop_bf16_s16816gemm_relu_bf16_128x64_32x6_tn_align8>(T1::Params)
0.0,320529,196,1635.4,1488.5,1216,2209,267.4,"void at::native::unrolled_elementwise_kernel<at::native::direct_copy_kernel_cuda(at::TensorIteratorBase &)::[lambda() (instance 3)]::operator ()() const::[lambda() (instance 4)]::operator ()() const::[lambda(long) (instance 1)], std::array<char *, (unsigned long)2>, (int)4, TrivialOffsetCalculator<(int)1, unsigned int>, TrivialOffsetCalculator<(int)1, unsigned int>, at::native::memory::LoadWithCast<(int)1>, at::native::memory::StoreWithCast<(int)1>>(int, T1, T2, T4, T5, T6, T7)"
0.0,204547,136,1504.0,1632.0,1024,1825,228.1,"void at::native::<unnamed>::CatArrayBatchedCopy_alignedK_contig<at::native::<unnamed>::OpaqueType<(unsigned int)4>, unsigned int, (int)1, (int)128, (int)1, (int)16>(T1 *, at::native::<unnamed>::CatArrInputTensorMetadata<T1, T2, T4, T5>, at::native::<unnamed>::TensorSizeStride<T2, (unsigned int)4>, int, T2)"
0.0,189180,98,1930.4,1792.0,1216,3905,459.9,"void at::native::vectorized_gather_kernel<(int)16, long>(char *, char *, T2 *, int, long, long, long, long, bool)"
0.0,180194,98,1838.7,1760.0,1728,2624,156.1,"void at::native::<unnamed>::indexSelectSmallIndex<c10::BFloat16, long, unsigned int, (int)2, (int)2, (int)-2>(at::cuda::detail::TensorInfo<T1, T3>, at::cuda::detail::TensorInfo<const T1, T3>, at::cuda::detail::TensorInfo<const T2, T3>, int, int, T3, long)"
0.0,85676,98,874.2,832.0,800,2304,161.8,"void at::native::unrolled_elementwise_kernel<at::native::CUDAFunctorOnSelf_add<int>, std::array<char *, (unsigned long)2>, (int)4, TrivialOffsetCalculator<(int)1, unsigned int>, TrivialOffsetCalculator<(int)1, unsigned int>, at::native::memory::LoadWithoutCast, at::native::memory::StoreWithoutCast>(int, T1, T2, T4, T5, T6, T7)"
0.0,26792,15,1786.1,1665.0,1088,2336,365.7,"void at::native::<unnamed>::CatArrayBatchedCopy_contig<at::native::<unnamed>::OpaqueType<(unsigned int)4>, unsigned int, (int)1, (int)128, (int)1>(T1 *, at::native::<unnamed>::CatArrInputTensorMetadata<T1, T2, T4, T5>, at::native::<unnamed>::TensorSizeStride<T2, (unsigned int)4>, int, T2)"
0.0,4131,5,826.2,801.0,769,897,52.5,"void at::native::vectorized_elementwise_kernel<(int)4, at::native::FillFunctor<int>, std::array<char *, (unsigned long)1>>(int, T2, T3)"
