PID,TID,DevId,Count,QCount,TAvg (ns),TMed (ns),TMin (ns),TMax (ns),TStdDev (ns),AAvg (ns),AMed (ns),AMin (ns),AMax (ns),AStdDev (ns),QAvg (ns),QMed (ns),QMin (ns),QMax (ns),QStdDev (ns),KAvg (ns),KMed (ns),KMin (ns),KMax (ns),KStdDev (ns),API Name,Kernel Name
3605,3725,0,578,578,10223814.8,9305485.0,449477,22937823,6607290.7,15799.7,5646.0,3711,5826851,242132.4,10188019.9,9286799.0,60,22894164,6607584.4,19995.3,17969.0,5024,38530,12483.0,cudaLaunchKernel,"void at::native::reduce_kernel<(int)512, (int)1, at::native::ReduceOp<c10::BFloat16, at::native::ArgMaxOps<float>, unsigned int, long, (int)4, (int)4>>(T3)"
3605,3725,0,578,577,10200452.6,9291307.0,65423,22924595,6616674.9,4377.1,4130.0,3453,64760,2787.5,10212415.2,9300915.0,435681,22919024,6608784.4,1329.6,1344.0,1120,1536,71.1,cudaLaunchKernel,"void at::native::unrolled_elementwise_kernel<at::native::direct_copy_kernel_cuda(at::TensorIteratorBase &)::[lambda() (instance 3)]::operator ()() const::[lambda() (instance 3)]::operator ()() const::[lambda(int) (instance 1)], std::array<char *, (unsigned long)2>, (int)4, TrivialOffsetCalculator<(int)1, unsigned int>, TrivialOffsetCalculator<(int)1, unsigned int>, at::native::memory::LoadWithCast<(int)1>, at::native::memory::StoreWithCast<(int)1>>(int, T1, T2, T4, T5, T6, T7)"
3605,3725,0,1156,1149,7098648.8,6394679.5,5740,22900293,6295645.7,4745.4,4023.5,3233,236886,7223.0,7135852.2,6401696.0,43,22895093,6290865.7,1264.8,1184.0,992,1664,155.4,cudaLaunchKernel,"sglang::<unnamed>::write_token_pool_kernel(int *, long, long, long, const long *, const long *, const int *, long)"
3605,3725,0,483,483,4752366.5,4177873.0,6804,11503761,3972494.3,3992.6,3829.0,3094,30494,1394.3,4746064.0,4172051.0,594,11497700,3972558.3,2309.9,2304.0,1665,2752,133.9,cudaLaunchKernel,"sglang::flashinfer_backend_detail::build_decode_indices_kernel(const int *, long, long, long, const int *, const int *, int *, int)"
3605,3725,0,1156,1156,3988142.1,3300465.0,5484,11534830,4044682.4,3671.8,3569.0,2980,19747,815.3,3983184.7,3295612.5,670,11529839,4044631.4,1285.6,1216.0,992,1760,176.7,cudaLaunchKernel,"sglang::<unnamed>::gather_int32_2d_kernel(const int *, long, long, long, const long *, const long *, int *, long)"
3605,3725,0,22,22,1435580.9,1337956.0,856258,2235716,381581.7,4087.9,4036.5,3591,5157,421.6,918011.9,818655.0,346753,1717447,381487.8,513481.2,513251.0,505683,517780,3357.2,cuLaunchKernel,void cutlass::Kernel2<cutlass_80_wmma_tensorop_bf16_s161616gemm_bf16_16x16_128x2_tn_align8>(T1::Params)
3605,3725,0,73,73,936382.2,947580.0,469515,1377245,260050.2,4588.1,4509.0,4085,10044,724.9,463972.4,475339.0,770,899687,257510.3,467821.7,466962.0,463954,475506,3570.9,cudaLaunchKernel,"std::enable_if<!T7, void>::type internal::gemvx::kernel<int, int, __nv_bfloat16, __nv_bfloat16, __nv_bfloat16, float, (bool)0, (bool)1, (bool)1, (bool)0, (int)6, (bool)0, cublasGemvParamsEx<int, cublasGemvTensorStridedBatched<const __nv_bfloat16>, cublasGemvTensorStridedBatched<const __nv_bfloat16>, cublasGemvTensorStridedBatched<__nv_bfloat16>, float>>(T13)"
3605,3725,0,1876,1875,799070.6,804686.0,108561,1822527,305478.0,3219.5,3158.0,2674,10520,422.9,669800.2,646180.0,270,1612586,295242.9,126408.2,104724.0,102660,207208,27892.0,cuLaunchKernel,void cutlass::Kernel2<cutlass_80_tensorop_bf16_s16816gemm_relu_bf16_256x128_32x3_tn_align8>(T1::Params)
3605,3725,0,1428,1428,677114.4,743591.0,60203,1639343,262957.7,3351.0,3298.0,2831,8621,367.0,606502.1,665026.0,681,1485211,248865.1,67261.3,75299.0,41921,151334,17660.4,cudaLaunchKernel,ampere_bf16_s16816gemm_bf16_128x128_ldg8_f2f_stages_64x3_tn
3605,3725,0,2660,2658,637177.9,589684.0,6281,2028250,422724.0,3523.8,3406.0,2961,23428,841.3,624597.7,578018.5,454,2000004,418494.8,9527.7,8928.5,1696,25985,4689.6,cudaLaunchKernel,"void flashinfer::BatchQKApplyRotaryPosIdsCosSinCacheHeadParallelismKernel<(bool)0, (unsigned int)128, (unsigned int)8, (unsigned int)16, __nv_bfloat16, int>(T5 *, T5 *, T5 *, T5 *, float *, float *, T6 *, unsigned int, unsigned int, unsigned int, unsigned int, unsigned long, unsigned long, unsigned long, unsigned long, unsigned long, unsigned long, unsigned long, unsigned long)"
3605,3725,0,7980,7978,633742.3,591338.5,5983,1985192,413076.6,3446.7,3356.0,2843,34301,853.3,626779.5,584331.0,324,1972883,411800.0,3673.5,3328.0,1600,13761,1726.1,cudaLaunchKernel,"void at::native::elementwise_kernel<(int)128, (int)4, void at::native::gpu_kernel_impl_nocast<at::native::direct_copy_kernel_cuda(at::TensorIteratorBase &)::[lambda() (instance 3)]::operator ()() const::[lambda() (instance 12)]::operator ()() const::[lambda(c10::BFloat16) (instance 1)]>(at::TensorIteratorBase &, const T1 &)::[lambda(int) (instance 1)]>(int, T3)"
3605,3725,0,4032,4029,627276.3,615392.5,32738,1980367,318287.3,3497.3,3339.0,2789,52614,1438.8,544698.8,538855.0,97,1785056,286493.5,79494.0,66243.0,27713,300780,49360.5,cudaLaunchKernel,ampere_bf16_s1688gemm_bf16_128x128_ldg8_f2f_stages_32x1_tn
3605,3725,0,5320,5319,625133.9,576797.5,6223,2026947,424072.1,3413.0,3333.0,2898,27274,744.1,617824.3,569666.0,2,2014914,422792.3,4013.3,3744.0,1888,9473,1473.3,cudaLaunchKernel,"void at::native::index_elementwise_kernel<(int)128, (int)4, void at::native::index_copy_kernel_impl<at::native::OpaqueType<(int)2>>(at::TensorIterator &, long, long, long)::[lambda(int) (instance 1)]>(long, T3)"
3605,3725,0,95,95,612452.4,576843.0,5684,1766404,353526.4,4708.2,4012.0,3674,67136,6477.8,606887.6,572092.0,779,1761362,353064.1,856.6,832.0,800,1056,49.9,cudaLaunchKernel,"void at::native::unrolled_elementwise_kernel<at::native::CUDAFunctorOnSelf_add<int>, std::array<char *, (unsigned long)2>, (int)4, TrivialOffsetCalculator<(int)1, unsigned int>, TrivialOffsetCalculator<(int)1, unsigned int>, at::native::memory::LoadWithoutCast, at::native::memory::StoreWithoutCast>(int, T1, T2, T4, T5, T6, T7)"
3605,3725,0,2850,2846,607383.7,576357.5,5639,2021021,427992.7,3767.7,3634.0,3247,31046,825.2,602445.3,570883.5,247,2014891,427528.3,2017.0,1857.0,1056,2880,420.2,cudaLaunchKernel,"void at::native::unrolled_elementwise_kernel<at::native::direct_copy_kernel_cuda(at::TensorIteratorBase &)::[lambda() (instance 3)]::operator ()() const::[lambda() (instance 4)]::operator ()() const::[lambda(long) (instance 1)], std::array<char *, (unsigned long)2>, (int)4, TrivialOffsetCalculator<(int)1, unsigned int>, TrivialOffsetCalculator<(int)1, unsigned int>, at::native::memory::LoadWithCast<(int)1>, at::native::memory::StoreWithCast<(int)1>>(int, T1, T2, T4, T5, T6, T7)"
3605,3725,0,95,95,589845.3,554225.0,6912,1743806,350321.0,4721.5,4643.0,4208,6398,334.0,583323.6,547809.0,719,1736564,350166.9,1800.2,1728.0,1632,2464,197.3,cudaLaunchKernel,"void at::native::<unnamed>::indexSelectSmallIndex<c10::BFloat16, long, unsigned int, (int)2, (int)2, (int)-2>(at::cuda::detail::TensorInfo<T1, T3>, at::cuda::detail::TensorInfo<const T1, T3>, at::cuda::detail::TensorInfo<const T2, T3>, int, int, T3, long)"
3605,3725,0,10735,10733,574789.5,551857.0,5895,2007855,383300.1,3213.2,3130.0,2602,48231,872.8,567274.3,544856.0,105,1993972,381452.5,4408.2,3232.0,1568,20897,3156.4,cudaLaunchKernel,"void flashinfer::norm::RMSNormKernel<(unsigned int)8, __nv_bfloat16>(T2 *, T2 *, T2 *, unsigned int, float, float)"
3605,3725,0,2660,2660,567409.8,534561.0,17813,1654832,335142.8,3446.8,3345.5,2927,43058,944.5,547883.0,516963.5,11579,1594185,325442.7,16080.0,12960.0,2048,59458,11251.2,cudaLaunchKernel,"void flashinfer::activation::act_and_mul_kernel<__nv_bfloat16, &sglang::d_silu>(T1 *, const T1 *, int)"
3605,3725,0,1036,1034,558433.1,450078.5,56532,1807952,437664.0,3417.1,3304.0,2789,10433,599.4,487524.5,394988.0,12,1641850,406754.2,68435.2,52098.0,51618,163334,34872.1,cudaLaunchKernel,ampere_bf16_s16816gemm_bf16_256x128_ldg8_f2f_stages_32x3_tn
3605,3725,0,5320,5320,539037.5,517112.5,6062,1806874,332404.0,3498.9,3405.0,2973,24549,766.5,533439.9,511590.0,834,1796511,331740.7,2098.7,1856.0,960,10656,963.4,cudaLaunchKernel,"void at::native::vectorized_elementwise_kernel<(int)4, at::native::CUDAFunctor_add<c10::BFloat16>, std::array<char *, (unsigned long)3>>(int, T2, T3)"
3605,3725,0,2660,2657,442240.6,421632.5,11660,1231479,260128.3,3748.4,3627.0,3158,26784,876.6,376041.0,372156.0,132,1076780,228636.9,62881.6,58370.0,7296,158854,36559.9,cudaLaunchKernel,"void flashinfer::BatchPrefillWithPagedKVCacheKernel<(flashinfer::MaskMode)1, (flashinfer::PosEncodingMode)0, (unsigned int)2, (unsigned int)8, (unsigned int)2, (unsigned int)4, (unsigned int)1, float, flashinfer::ComposedAttention<flashinfer::BatchPrefillPagedParams<__nv_bfloat16, __nv_bfloat16, __nv_bfloat16, int>, (unsigned int)2>>(flashinfer::uint_fastdiv, T9::ParamsT)"
3605,3725,0,308,308,426875.3,449416.0,82730,500293,90818.1,3315.0,3268.5,2864,5776,353.5,361357.0,371653.0,195,441822,94858.9,62203.4,77795.0,41154,87043,19043.8,cudaLaunchKernel,ampere_bf16_s1688gemm_bf16_128x64_sliced1x2_ldg8_f2f_tn
3605,3725,0,560,560,327251.2,318156.5,16041,627701,220643.9,3629.8,3453.0,3040,16680,925.9,320434.5,312178.0,9616,620103,220001.9,3187.0,2864.0,1440,5664,869.2,cudaLaunchKernel,"void cublasLt::splitKreduce_kernel<(int)32, (int)16, int, __nv_bfloat16, __nv_bfloat16, float, __nv_bfloat16, (bool)0, __nv_bfloat16, __nv_bfloat16, __nv_bfloat16, (bool)1, (bool)0, (bool)0>(cublasLt::cublasSplitKParams<T6>, const T4 *, const T10 *, T9 *, T5 *, const T6 *, const T6 *, const T11 *, const T4 *, T11 *, void *, long, T6 *, int *, T6 *, T6 *, const T6 *, const T6 *, const T6 *, const T6 *, const T6 *)"
3605,3725,0,1092,1091,299212.2,345907.5,21159,571324,148760.4,3484.5,3377.0,2799,9436,559.5,265266.8,315369.0,157,505288,143304.5,30703.9,26913.0,16321,63714,9815.0,cudaLaunchKernel,ampere_bf16_s16816gemm_bf16_128x64_ldg8_f2f_stages_32x6_tn
3605,3725,0,952,952,246146.9,280152.5,18532,459075,143722.3,3516.9,3427.0,3047,11503,506.3,221674.4,257553.0,4256,431918,138771.4,20955.6,22513.0,7040,33377,6421.7,cudaLaunchKernel,"void flashinfer::PersistentVariableLengthMergeStatesKernel<(unsigned int)8, (unsigned int)16, (unsigned int)8, (unsigned int)4, __nv_bfloat16, __nv_bfloat16, int>(T5 *, float *, T7 *, T6 *, float *, unsigned int, unsigned int *, unsigned int)"
3605,3725,0,364,364,190245.3,186958.0,32856,336312,121720.6,3338.7,3209.5,2754,9647,676.3,160146.0,155765.5,792,305218,120722.4,26760.6,27905.0,22177,32705,2415.7,cuLaunchKernel,void cutlass::Kernel2<cutlass_80_tensorop_bf16_s16816gemm_relu_bf16_128x128_32x4_tn_align8>(T1::Params)
3605,3725,0,6,6,178859.2,6794.0,6502,1039478,421615.4,4950.0,5092.0,4316,5440,412.9,173077.2,840.5,597,1034298,421910.4,832.0,832.0,768,896,49.6,cudaLaunchKernel,"void at::native::vectorized_elementwise_kernel<(int)4, at::native::FillFunctor<int>, std::array<char *, (unsigned long)1>>(int, T2, T3)"
3605,3725,0,135,129,178629.1,8130.0,5937,11137685,1344181.3,6083.6,5773.0,3660,55396,4537.1,179020.0,823.0,22,11124806,1374332.4,1510.2,1632.0,1024,3616,299.8,cudaLaunchKernel,"void at::native::<unnamed>::CatArrayBatchedCopy_alignedK_contig<at::native::<unnamed>::OpaqueType<(unsigned int)4>, unsigned int, (int)1, (int)128, (int)1, (int)16>(T1 *, at::native::<unnamed>::CatArrInputTensorMetadata<T1, T2, T4, T5>, at::native::<unnamed>::TensorSizeStride<T2, (unsigned int)4>, int, T2)"
3605,3725,0,19,13,41575.7,8117.0,6456,571714,129349.6,10097.3,5671.0,4179,76384,16127.3,43571.4,375.0,26,560938,155449.7,1810.6,1664.0,1120,2368,367.0,cudaLaunchKernel,"void at::native::<unnamed>::CatArrayBatchedCopy_contig<at::native::<unnamed>::OpaqueType<(unsigned int)4>, unsigned int, (int)1, (int)128, (int)1>(T1 *, at::native::<unnamed>::CatArrInputTensorMetadata<T1, T2, T4, T5>, at::native::<unnamed>::TensorSizeStride<T2, (unsigned int)4>, int, T2)"
3605,3725,0,28,27,29345.5,29725.5,19805,32811,2436.0,3307.1,3198.5,2875,5679,544.6,12397.3,12812.0,1212,13942,2273.5,14095.4,13984.0,13472,17440,774.3,cuLaunchKernel,void cutlass::Kernel2<cutlass_80_tensorop_bf16_s16816gemm_relu_bf16_128x64_32x6_tn_align8>(T1::Params)
3605,3725,0,140,140,25195.8,25842.5,21366,29245,1973.3,3371.9,3325.0,2995,5146,345.3,3771.3,5144.0,58,7009,2330.1,18052.5,16832.5,16544,24609,2369.1,cudaLaunchKernel,ampere_bf16_s16816gemm_bf16_128x64_ldg8_f2f_stages_64x4_tn
3605,3725,0,252,249,23967.7,21366.0,14772,39864,8202.8,3315.7,3262.5,2820,6885,410.9,6789.2,3050.0,110,20178,6059.1,13947.7,14081.0,10337,20961,3118.2,cudaLaunchKernel,ampere_bf16_s16816gemm_bf16_64x64_ldg8_f2f_stages_64x5_tn
3605,3725,0,84,83,20923.0,19130.0,16381,30658,4126.9,3448.7,3419.5,2835,5291,365.4,2663.7,1337.0,465,6498,2064.8,14844.0,14368.5,11969,20769,2330.0,cuLaunchKernel,void cutlass::Kernel2<cutlass_80_wmma_tensorop_bf16_s161616gemm_bf16_32x32_128x2_tn_align8>(T1::Params)
3605,3725,0,95,95,7548.1,7476.0,6223,9346,592.8,4604.8,4518.0,3986,6400,422.1,993.3,1008.0,546,1297,143.6,1950.0,1824.0,1248,3456,471.1,cudaLaunchKernel,"void at::native::vectorized_gather_kernel<(int)16, long>(char *, char *, T2 *, int, long, long, long, long, bool)"
